Année,Code du département,Libellé du département,Nom,Prénom,% Voix/Ins
2022,01,Ain,ARTHAUD,Nathalie,0.38
2022,01,Ain,DUPONT-AIGNAN,Nicolas,2.05
2022,01,Ain,HIDALGO,Anne,1.29
2022,01,Ain,JADOT,Yannick,3.62
2022,01,Ain,LASSALLE,Jean,2.48
2022,01,Ain,LE PEN,Marine,19.8
2022,01,Ain,MACRON,Emmanuel,21.05
2022,01,Ain,MÉLENCHON,Jean-Luc,13.2
2022,01,Ain,POUTOU,Philippe,0.5
2022,01,Ain,PÉCRESSE,Valérie,4.01
2022,01,Ain,ROUSSEL,Fabien,1.36
2022,01,Ain,ZEMMOUR,Éric,6.28
2022,02,Aisne,ARTHAUD,Nathalie,0.55
2022,02,Aisne,DUPONT-AIGNAN,Nicolas,1.55
2022,02,Aisne,HIDALGO,Anne,0.8
2022,02,Aisne,JADOT,Yannick,1.89
2022,02,Aisne,LASSALLE,Jean,1.73
2022,02,Aisne,LE PEN,Marine,27.93
2022,02,Aisne,MACRON,Emmanuel,15.72
2022,02,Aisne,MÉLENCHON,Jean-Luc,11.02
2022,02,Aisne,POUTOU,Philippe,0.57
2022,02,Aisne,PÉCRESSE,Valérie,2.92
2022,02,Aisne,ROUSSEL,Fabien,1.6
2022,02,Aisne,ZEMMOUR,Éric,4.89
2022,03,Allier,ARTHAUD,Nathalie,0.54
2022,03,Allier,DUPONT-AIGNAN,Nicolas,1.69
2022,03,Allier,HIDALGO,Anne,1.31
2022,03,Allier,JADOT,Yannick,2.39
2022,03,Allier,LASSALLE,Jean,3.11
2022,03,Allier,LE PEN,Marine,20.13
2022,03,Allier,MACRON,Emmanuel,19.88
2022,03,Allier,MÉLENCHON,Jean-Luc,12.41
2022,03,Allier,POUTOU,Philippe,0.6
2022,03,Allier,PÉCRESSE,Valérie,4.13
2022,03,Allier,ROUSSEL,Fabien,3.25
2022,03,Allier,ZEMMOUR,Éric,4.94
2022,04,Alpes-de-Haute-Provence,ARTHAUD,Nathalie,0.39
2022,04,Alpes-de-Haute-Provence,DUPONT-AIGNAN,Nicolas,1.96
2022,04,Alpes-de-Haute-Provence,HIDALGO,Anne,1.09
2022,04,Alpes-de-Haute-Provence,JADOT,Yannick,3.09
2022,04,Alpes-de-Haute-Provence,LASSALLE,Jean,3.36
2022,04,Alpes-de-Haute-Provence,LE PEN,Marine,20.31
2022,04,Alpes-de-Haute-Provence,MACRON,Emmanuel,16.24
2022,04,Alpes-de-Haute-Provence,MÉLENCHON,Jean-Luc,17.07
2022,04,Alpes-de-Haute-Provence,POUTOU,Philippe,0.68
2022,04,Alpes-de-Haute-Provence,PÉCRESSE,Valérie,2.99
2022,04,Alpes-de-Haute-Provence,ROUSSEL,Fabien,2.12
2022,04,Alpes-de-Haute-Provence,ZEMMOUR,Éric,6.19
2022,05,Hautes-Alpes,ARTHAUD,Nathalie,0.38
2022,05,Hautes-Alpes,DUPONT-AIGNAN,Nicolas,1.89
2022,05,Hautes-Alpes,HIDALGO,Anne,1.29
2022,05,Hautes-Alpes,JADOT,Yannick,4.42
2022,05,Hautes-Alpes,LASSALLE,Jean,3.41
2022,05,Hautes-Alpes,LE PEN,Marine,17.35
2022,05,Hautes-Alpes,MACRON,Emmanuel,18.06
2022,05,Hautes-Alpes,MÉLENCHON,Jean-Luc,17.37
2022,05,Hautes-Alpes,POUTOU,Philippe,0.71
2022,05,Hautes-Alpes,PÉCRESSE,Valérie,3.97
2022,05,Hautes-Alpes,ROUSSEL,Fabien,1.7
2022,05,Hautes-Alpes,ZEMMOUR,Éric,5.43
2022,06,Alpes-Maritimes,ARTHAUD,Nathalie,0.21
2022,06,Alpes-Maritimes,DUPONT-AIGNAN,Nicolas,1.71
2022,06,Alpes-Maritimes,HIDALGO,Anne,0.7
2022,06,Alpes-Maritimes,JADOT,Yannick,3.0
2022,06,Alpes-Maritimes,LASSALLE,Jean,1.64
2022,06,Alpes-Maritimes,LE PEN,Marine,19.13
2022,06,Alpes-Maritimes,MACRON,Emmanuel,17.94
2022,06,Alpes-Maritimes,MÉLENCHON,Jean-Luc,11.86
2022,06,Alpes-Maritimes,POUTOU,Philippe,0.38
2022,06,Alpes-Maritimes,PÉCRESSE,Valérie,4.01
2022,06,Alpes-Maritimes,ROUSSEL,Fabien,1.14
2022,06,Alpes-Maritimes,ZEMMOUR,Éric,10.04
2022,07,Ardèche,ARTHAUD,Nathalie,0.48
2022,07,Ardèche,DUPONT-AIGNAN,Nicolas,1.93
2022,07,Ardèche,HIDALGO,Anne,1.64
2022,07,Ardèche,JADOT,Yannick,3.34
2022,07,Ardèche,LASSALLE,Jean,3.53
2022,07,Ardèche,LE PEN,Marine,19.38
2022,07,Ardèche,MACRON,Emmanuel,17.73
2022,07,Ardèche,MÉLENCHON,Jean-Luc,16.74
2022,07,Ardèche,POUTOU,Philippe,0.71
2022,07,Ardèche,PÉCRESSE,Valérie,3.73
2022,07,Ardèche,ROUSSEL,Fabien,2.23
2022,07,Ardèche,ZEMMOUR,Éric,5.55
2022,08,Ardennes,ARTHAUD,Nathalie,0.58
2022,08,Ardennes,DUPONT-AIGNAN,Nicolas,1.59
2022,08,Ardennes,HIDALGO,Anne,0.94
2022,08,Ardennes,JADOT,Yannick,1.85
2022,08,Ardennes,LASSALLE,Jean,2.19
2022,08,Ardennes,LE PEN,Marine,25.91
2022,08,Ardennes,MACRON,Emmanuel,17.0
2022,08,Ardennes,MÉLENCHON,Jean-Luc,11.97
2022,08,Ardennes,POUTOU,Philippe,0.6
2022,08,Ardennes,PÉCRESSE,Valérie,2.98
2022,08,Ardennes,ROUSSEL,Fabien,1.62
2022,08,Ardennes,ZEMMOUR,Éric,4.71
2022,09,Ariège,ARTHAUD,Nathalie,0.35
2022,09,Ariège,DUPONT-AIGNAN,Nicolas,1.36
2022,09,Ariège,HIDALGO,Anne,2.69
2022,09,Ariège,JADOT,Yannick,2.54
2022,09,Ariège,LASSALLE,Jean,6.33
2022,09,Ariège,LE PEN,Marine,18.45
2022,09,Ariège,MACRON,Emmanuel,15.18
2022,09,Ariège,MÉLENCHON,Jean-Luc,20.08
2022,09,Ariège,POUTOU,Philippe,0.61
2022,09,Ariège,PÉCRESSE,Valérie,2.29
2022,09,Ariège,ROUSSEL,Fabien,2.27
2022,09,Ariège,ZEMMOUR,Éric,4.89
2022,10,Aube,ARTHAUD,Nathalie,0.49
2022,10,Aube,DUPONT-AIGNAN,Nicolas,1.93
2022,10,Aube,HIDALGO,Anne,0.84
2022,10,Aube,JADOT,Yannick,2.25
2022,10,Aube,LASSALLE,Jean,1.84
2022,10,Aube,LE PEN,Marine,23.99
2022,10,Aube,MACRON,Emmanuel,18.64
2022,10,Aube,MÉLENCHON,Jean-Luc,10.94
2022,10,Aube,POUTOU,Philippe,0.52
2022,10,Aube,PÉCRESSE,Valérie,4.34
2022,10,Aube,ROUSSEL,Fabien,1.51
2022,10,Aube,ZEMMOUR,Éric,5.53
2022,11,Aude,ARTHAUD,Nathalie,0.37
2022,11,Aude,DUPONT-AIGNAN,Nicolas,1.5
2022,11,Aude,HIDALGO,Anne,2.2
2022,11,Aude,JADOT,Yannick,2.26
2022,11,Aude,LASSALLE,Jean,4.42
2022,11,Aude,LE PEN,Marine,22.87
2022,11,Aude,MACRON,Emmanuel,15.4
2022,11,Aude,MÉLENCHON,Jean-Luc,15.02
2022,11,Aude,POUTOU,Philippe,0.62
2022,11,Aude,PÉCRESSE,Valérie,2.63
2022,11,Aude,ROUSSEL,Fabien,2.01
2022,11,Aude,ZEMMOUR,Éric,6.59
2022,12,Aveyron,ARTHAUD,Nathalie,0.41
2022,12,Aveyron,DUPONT-AIGNAN,Nicolas,1.58
2022,12,Aveyron,HIDALGO,Anne,2.04
2022,12,Aveyron,JADOT,Yannick,3.07
2022,12,Aveyron,LASSALLE,Jean,6.75
2022,12,Aveyron,LE PEN,Marine,15.65
2022,12,Aveyron,MACRON,Emmanuel,21.61
2022,12,Aveyron,MÉLENCHON,Jean-Luc,14.92
2022,12,Aveyron,POUTOU,Philippe,0.62
2022,12,Aveyron,PÉCRESSE,Valérie,4.55
2022,12,Aveyron,ROUSSEL,Fabien,2.06
2022,12,Aveyron,ZEMMOUR,Éric,4.61
2022,13,Bouches-du-Rhône,ARTHAUD,Nathalie,0.25
2022,13,Bouches-du-Rhône,DUPONT-AIGNAN,Nicolas,1.42
2022,13,Bouches-du-Rhône,HIDALGO,Anne,0.83
2022,13,Bouches-du-Rhône,JADOT,Yannick,2.98
2022,13,Bouches-du-Rhône,LASSALLE,Jean,1.72
2022,13,Bouches-du-Rhône,LE PEN,Marine,18.76
2022,13,Bouches-du-Rhône,MACRON,Emmanuel,16.23
2022,13,Bouches-du-Rhône,MÉLENCHON,Jean-Luc,16.86
2022,13,Bouches-du-Rhône,POUTOU,Philippe,0.42
2022,13,Bouches-du-Rhône,PÉCRESSE,Valérie,2.57
2022,13,Bouches-du-Rhône,ROUSSEL,Fabien,1.72
2022,13,Bouches-du-Rhône,ZEMMOUR,Éric,7.7
2022,14,Calvados,ARTHAUD,Nathalie,0.54
2022,14,Calvados,DUPONT-AIGNAN,Nicolas,1.55
2022,14,Calvados,HIDALGO,Anne,1.34
2022,14,Calvados,JADOT,Yannick,3.83
2022,14,Calvados,LASSALLE,Jean,1.92
2022,14,Calvados,LE PEN,Marine,17.92
2022,14,Calvados,MACRON,Emmanuel,23.5
2022,14,Calvados,MÉLENCHON,Jean-Luc,14.44
2022,14,Calvados,POUTOU,Philippe,0.73
2022,14,Calvados,PÉCRESSE,Valérie,3.59
2022,14,Calvados,ROUSSEL,Fabien,1.71
2022,14,Calvados,ZEMMOUR,Éric,4.35
2022,15,Cantal,ARTHAUD,Nathalie,0.48
2022,15,Cantal,DUPONT-AIGNAN,Nicolas,1.34
2022,15,Cantal,HIDALGO,Anne,1.56
2022,15,Cantal,JADOT,Yannick,2.38
2022,15,Cantal,LASSALLE,Jean,5.92
2022,15,Cantal,LE PEN,Marine,18.64
2022,15,Cantal,MACRON,Emmanuel,21.63
2022,15,Cantal,MÉLENCHON,Jean-Luc,11.18
2022,15,Cantal,POUTOU,Philippe,0.56
2022,15,Cantal,PÉCRESSE,Valérie,6.04
2022,15,Cantal,ROUSSEL,Fabien,2.16
2022,15,Cantal,ZEMMOUR,Éric,4.24
2022,16,Charente,ARTHAUD,Nathalie,0.51
2022,16,Charente,DUPONT-AIGNAN,Nicolas,1.69
2022,16,Charente,HIDALGO,Anne,1.55
2022,16,Charente,JADOT,Yannick,2.93
2022,16,Charente,LASSALLE,Jean,3.29
2022,16,Charente,LE PEN,Marine,19.58
2022,16,Charente,MACRON,Emmanuel,20.62
2022,16,Charente,MÉLENCHON,Jean-Luc,14.48
2022,16,Charente,POUTOU,Philippe,0.68
2022,16,Charente,PÉCRESSE,Valérie,3.24
2022,16,Charente,ROUSSEL,Fabien,2.09
2022,16,Charente,ZEMMOUR,Éric,4.12
2022,17,Charente-Maritime,ARTHAUD,Nathalie,0.45
2022,17,Charente-Maritime,DUPONT-AIGNAN,Nicolas,1.79
2022,17,Charente-Maritime,HIDALGO,Anne,1.32
2022,17,Charente-Maritime,JADOT,Yannick,3.66
2022,17,Charente-Maritime,LASSALLE,Jean,2.76
2022,17,Charente-Maritime,LE PEN,Marine,19.22
2022,17,Charente-Maritime,MACRON,Emmanuel,21.91
2022,17,Charente-Maritime,MÉLENCHON,Jean-Luc,13.8
2022,17,Charente-Maritime,POUTOU,Philippe,0.66
2022,17,Charente-Maritime,PÉCRESSE,Valérie,3.72
2022,17,Charente-Maritime,ROUSSEL,Fabien,1.93
2022,17,Charente-Maritime,ZEMMOUR,Éric,4.69
2022,18,Cher,ARTHAUD,Nathalie,0.58
2022,18,Cher,DUPONT-AIGNAN,Nicolas,1.68
2022,18,Cher,HIDALGO,Anne,1.15
2022,18,Cher,JADOT,Yannick,2.24
2022,18,Cher,LASSALLE,Jean,2.45
2022,18,Cher,LE PEN,Marine,19.94
2022,18,Cher,MACRON,Emmanuel,19.37
2022,18,Cher,MÉLENCHON,Jean-Luc,12.42
2022,18,Cher,POUTOU,Philippe,0.65
2022,18,Cher,PÉCRESSE,Valérie,3.63
2022,18,Cher,ROUSSEL,Fabien,2.56
2022,18,Cher,ZEMMOUR,Éric,4.82
2022,19,Corrèze,ARTHAUD,Nathalie,0.48
2022,19,Corrèze,DUPONT-AIGNAN,Nicolas,1.41
2022,19,Corrèze,HIDALGO,Anne,1.95
2022,19,Corrèze,JADOT,Yannick,2.72
2022,19,Corrèze,LASSALLE,Jean,5.5
2022,19,Corrèze,LE PEN,Marine,17.11
2022,19,Corrèze,MACRON,Emmanuel,17.9
2022,19,Corrèze,MÉLENCHON,Jean-Luc,14.99
2022,19,Corrèze,POUTOU,Philippe,0.64
2022,19,Corrèze,PÉCRESSE,Valérie,6.64
2022,19,Corrèze,ROUSSEL,Fabien,3.4
2022,19,Corrèze,ZEMMOUR,Éric,4.33
2022,21,Côte-d'Or,ARTHAUD,Nathalie,0.48
2022,21,Côte-d'Or,DUPONT-AIGNAN,Nicolas,1.77
2022,21,Côte-d'Or,HIDALGO,Anne,1.4
2022,21,Côte-d'Or,JADOT,Yannick,3.67
2022,21,Côte-d'Or,LASSALLE,Jean,2.23
2022,21,Côte-d'Or,LE PEN,Marine,18.84
2022,21,Côte-d'Or,MACRON,Emmanuel,22.01
2022,21,Côte-d'Or,MÉLENCHON,Jean-Luc,14.69
2022,21,Côte-d'Or,POUTOU,Philippe,0.62
2022,21,Côte-d'Or,PÉCRESSE,Valérie,3.91
2022,21,Côte-d'Or,ROUSSEL,Fabien,1.56
2022,21,Côte-d'Or,ZEMMOUR,Éric,5.9
2022,22,Côtes-d'Armor,ARTHAUD,Nathalie,0.55
2022,22,Côtes-d'Armor,DUPONT-AIGNAN,Nicolas,1.36
2022,22,Côtes-d'Armor,HIDALGO,Anne,1.75
2022,22,Côtes-d'Armor,JADOT,Yannick,4.1
2022,22,Côtes-d'Armor,LASSALLE,Jean,2.53
2022,22,Côtes-d'Armor,LE PEN,Marine,16.93
2022,22,Côtes-d'Armor,MACRON,Emmanuel,24.09
2022,22,Côtes-d'Armor,MÉLENCHON,Jean-Luc,15.73
2022,22,Côtes-d'Armor,POUTOU,Philippe,0.83
2022,22,Côtes-d'Armor,PÉCRESSE,Valérie,3.65
2022,22,Côtes-d'Armor,ROUSSEL,Fabien,2.46
2022,22,Côtes-d'Armor,ZEMMOUR,Éric,3.67
2022,23,Creuse,ARTHAUD,Nathalie,0.54
2022,23,Creuse,DUPONT-AIGNAN,Nicolas,1.71
2022,23,Creuse,HIDALGO,Anne,1.8
2022,23,Creuse,JADOT,Yannick,2.1
2022,23,Creuse,LASSALLE,Jean,4.7
2022,23,Creuse,LE PEN,Marine,18.44
2022,23,Creuse,MACRON,Emmanuel,17.09
2022,23,Creuse,MÉLENCHON,Jean-Luc,15.04
2022,23,Creuse,POUTOU,Philippe,0.73
2022,23,Creuse,PÉCRESSE,Valérie,4.83
2022,23,Creuse,ROUSSEL,Fabien,2.67
2022,23,Creuse,ZEMMOUR,Éric,3.85
2022,24,Dordogne,ARTHAUD,Nathalie,0.41
2022,24,Dordogne,DUPONT-AIGNAN,Nicolas,1.7
2022,24,Dordogne,HIDALGO,Anne,1.69
2022,24,Dordogne,JADOT,Yannick,2.69
2022,24,Dordogne,LASSALLE,Jean,4.98
2022,24,Dordogne,LE PEN,Marine,19.9
2022,24,Dordogne,MACRON,Emmanuel,18.4
2022,24,Dordogne,MÉLENCHON,Jean-Luc,15.73
2022,24,Dordogne,POUTOU,Philippe,0.7
2022,24,Dordogne,PÉCRESSE,Valérie,3.55
2022,24,Dordogne,ROUSSEL,Fabien,2.78
2022,24,Dordogne,ZEMMOUR,Éric,4.97
2022,25,Doubs,ARTHAUD,Nathalie,0.56
2022,25,Doubs,DUPONT-AIGNAN,Nicolas,2.11
2022,25,Doubs,HIDALGO,Anne,1.33
2022,25,Doubs,JADOT,Yannick,3.56
2022,25,Doubs,LASSALLE,Jean,2.36
2022,25,Doubs,LE PEN,Marine,18.11
2022,25,Doubs,MACRON,Emmanuel,20.72
2022,25,Doubs,MÉLENCHON,Jean-Luc,15.09
2022,25,Doubs,POUTOU,Philippe,0.64
2022,25,Doubs,PÉCRESSE,Valérie,4.1
2022,25,Doubs,ROUSSEL,Fabien,1.36
2022,25,Doubs,ZEMMOUR,Éric,5.29
2022,26,Drôme,ARTHAUD,Nathalie,0.53
2022,26,Drôme,DUPONT-AIGNAN,Nicolas,2.03
2022,26,Drôme,HIDALGO,Anne,1.39
2022,26,Drôme,JADOT,Yannick,3.72
2022,26,Drôme,LASSALLE,Jean,2.6
2022,26,Drôme,LE PEN,Marine,18.47
2022,26,Drôme,MACRON,Emmanuel,18.9
2022,26,Drôme,MÉLENCHON,Jean-Luc,17.07
2022,26,Drôme,POUTOU,Philippe,0.55
2022,26,Drôme,PÉCRESSE,Valérie,3.45
2022,26,Drôme,ROUSSEL,Fabien,1.77
2022,26,Drôme,ZEMMOUR,Éric,5.76
2022,27,Eure,ARTHAUD,Nathalie,0.51
2022,27,Eure,DUPONT-AIGNAN,Nicolas,1.75
2022,27,Eure,HIDALGO,Anne,0.93
2022,27,Eure,JADOT,Yannick,2.66
2022,27,Eure,LASSALLE,Jean,1.8
2022,27,Eure,LE PEN,Marine,23.82
2022,27,Eure,MACRON,Emmanuel,19.22
2022,27,Eure,MÉLENCHON,Jean-Luc,12.86
2022,27,Eure,POUTOU,Philippe,0.63
2022,27,Eure,PÉCRESSE,Valérie,3.14
2022,27,Eure,ROUSSEL,Fabien,1.63
2022,27,Eure,ZEMMOUR,Éric,4.84
2022,28,Eure-et-Loir,ARTHAUD,Nathalie,0.47
2022,28,Eure-et-Loir,DUPONT-AIGNAN,Nicolas,1.89
2022,28,Eure-et-Loir,HIDALGO,Anne,1.01
2022,28,Eure-et-Loir,JADOT,Yannick,2.6
2022,28,Eure-et-Loir,LASSALLE,Jean,1.87
2022,28,Eure-et-Loir,LE PEN,Marine,20.39
2022,28,Eure-et-Loir,MACRON,Emmanuel,19.7
2022,28,Eure-et-Loir,MÉLENCHON,Jean-Luc,13.34
2022,28,Eure-et-Loir,POUTOU,Philippe,0.58
2022,28,Eure-et-Loir,PÉCRESSE,Valérie,4.28
2022,28,Eure-et-Loir,ROUSSEL,Fabien,1.4
2022,28,Eure-et-Loir,ZEMMOUR,Éric,4.87
2022,29,Finistère,ARTHAUD,Nathalie,0.51
2022,29,Finistère,DUPONT-AIGNAN,Nicolas,1.21
2022,29,Finistère,HIDALGO,Anne,1.84
2022,29,Finistère,JADOT,Yannick,4.68
2022,29,Finistère,LASSALLE,Jean,2.58
2022,29,Finistère,LE PEN,Marine,14.22
2022,29,Finistère,MACRON,Emmanuel,24.64
2022,29,Finistère,MÉLENCHON,Jean-Luc,16.43
2022,29,Finistère,POUTOU,Philippe,0.88
2022,29,Finistère,PÉCRESSE,Valérie,3.74
2022,29,Finistère,ROUSSEL,Fabien,2.16
2022,29,Finistère,ZEMMOUR,Éric,3.61
2022,2A,Corse-du-Sud,ARTHAUD,Nathalie,0.17
2022,2A,Corse-du-Sud,DUPONT-AIGNAN,Nicolas,1.07
2022,2A,Corse-du-Sud,HIDALGO,Anne,0.55
2022,2A,Corse-du-Sud,JADOT,Yannick,1.99
2022,2A,Corse-du-Sud,LASSALLE,Jean,5.91
2022,2A,Corse-du-Sud,LE PEN,Marine,17.68
2022,2A,Corse-du-Sud,MACRON,Emmanuel,11.35
2022,2A,Corse-du-Sud,MÉLENCHON,Jean-Luc,8.19
2022,2A,Corse-du-Sud,POUTOU,Philippe,0.53
2022,2A,Corse-du-Sud,PÉCRESSE,Valérie,3.31
2022,2A,Corse-du-Sud,ROUSSEL,Fabien,1.62
2022,2A,Corse-du-Sud,ZEMMOUR,Éric,8.08
2022,2B,Haute-Corse,ARTHAUD,Nathalie,0.2
2022,2B,Haute-Corse,DUPONT-AIGNAN,Nicolas,1.06
2022,2B,Haute-Corse,HIDALGO,Anne,0.74
2022,2B,Haute-Corse,JADOT,Yannick,1.95
2022,2B,Haute-Corse,LASSALLE,Jean,6.66
2022,2B,Haute-Corse,LE PEN,Marine,17.04
2022,2B,Haute-Corse,MACRON,Emmanuel,10.67
2022,2B,Haute-Corse,MÉLENCHON,Jean-Luc,8.03
2022,2B,Haute-Corse,POUTOU,Philippe,0.59
2022,2B,Haute-Corse,PÉCRESSE,Valérie,4.3
2022,2B,Haute-Corse,ROUSSEL,Fabien,2.08
2022,2B,Haute-Corse,ZEMMOUR,Éric,7.48
2022,30,Gard,ARTHAUD,Nathalie,0.32
2022,30,Gard,DUPONT-AIGNAN,Nicolas,1.47
2022,30,Gard,HIDALGO,Anne,1.19
2022,30,Gard,JADOT,Yannick,2.7
2022,30,Gard,LASSALLE,Jean,2.73
2022,30,Gard,LE PEN,Marine,21.89
2022,30,Gard,MACRON,Emmanuel,15.9
2022,30,Gard,MÉLENCHON,Jean-Luc,16.0
2022,30,Gard,POUTOU,Philippe,0.49
2022,30,Gard,PÉCRESSE,Valérie,2.79
2022,30,Gard,ROUSSEL,Fabien,2.18
2022,30,Gard,ZEMMOUR,Éric,6.93
2022,31,Haute-Garonne,ARTHAUD,Nathalie,0.32
2022,31,Haute-Garonne,DUPONT-AIGNAN,Nicolas,1.34
2022,31,Haute-Garonne,HIDALGO,Anne,2.11
2022,31,Haute-Garonne,JADOT,Yannick,4.58
2022,31,Haute-Garonne,LASSALLE,Jean,3.81
2022,31,Haute-Garonne,LE PEN,Marine,14.32
2022,31,Haute-Garonne,MACRON,Emmanuel,21.14
2022,31,Haute-Garonne,MÉLENCHON,Jean-Luc,20.3
2022,31,Haute-Garonne,POUTOU,Philippe,0.53
2022,31,Haute-Garonne,PÉCRESSE,Valérie,2.92
2022,31,Haute-Garonne,ROUSSEL,Fabien,1.75
2022,31,Haute-Garonne,ZEMMOUR,Éric,5.44
2022,32,Gers,ARTHAUD,Nathalie,0.36
2022,32,Gers,DUPONT-AIGNAN,Nicolas,1.64
2022,32,Gers,HIDALGO,Anne,2.62
2022,32,Gers,JADOT,Yannick,2.78
2022,32,Gers,LASSALLE,Jean,7.96
2022,32,Gers,LE PEN,Marine,17.66
2022,32,Gers,MACRON,Emmanuel,19.67
2022,32,Gers,MÉLENCHON,Jean-Luc,14.5
2022,32,Gers,POUTOU,Philippe,0.54
2022,32,Gers,PÉCRESSE,Valérie,3.48
2022,32,Gers,ROUSSEL,Fabien,2.12
2022,32,Gers,ZEMMOUR,Éric,5.7
2022,33,Gironde,ARTHAUD,Nathalie,0.32
2022,33,Gironde,DUPONT-AIGNAN,Nicolas,1.35
2022,33,Gironde,HIDALGO,Anne,1.69
2022,33,Gironde,JADOT,Yannick,4.03
2022,33,Gironde,LASSALLE,Jean,3.26
2022,33,Gironde,LE PEN,Marine,16.53
2022,33,Gironde,MACRON,Emmanuel,22.11
2022,33,Gironde,MÉLENCHON,Jean-Luc,16.81
2022,33,Gironde,POUTOU,Philippe,0.75
2022,33,Gironde,PÉCRESSE,Valérie,3.24
2022,33,Gironde,ROUSSEL,Fabien,1.86
2022,33,Gironde,ZEMMOUR,Éric,5.03
2022,34,Hérault,ARTHAUD,Nathalie,0.3
2022,34,Hérault,DUPONT-AIGNAN,Nicolas,1.35
2022,34,Hérault,HIDALGO,Anne,1.43
2022,34,Hérault,JADOT,Yannick,3.31
2022,34,Hérault,LASSALLE,Jean,2.6
2022,34,Hérault,LE PEN,Marine,19.56
2022,34,Hérault,MACRON,Emmanuel,16.79
2022,34,Hérault,MÉLENCHON,Jean-Luc,18.27
2022,34,Hérault,POUTOU,Philippe,0.52
2022,34,Hérault,PÉCRESSE,Valérie,2.74
2022,34,Hérault,ROUSSEL,Fabien,1.67
2022,34,Hérault,ZEMMOUR,Éric,6.82
2022,35,Ille-et-Vilaine,ARTHAUD,Nathalie,0.49
2022,35,Ille-et-Vilaine,DUPONT-AIGNAN,Nicolas,1.37
2022,35,Ille-et-Vilaine,HIDALGO,Anne,1.81
2022,35,Ille-et-Vilaine,JADOT,Yannick,5.52
2022,35,Ille-et-Vilaine,LASSALLE,Jean,1.81
2022,35,Ille-et-Vilaine,LE PEN,Marine,13.19
2022,35,Ille-et-Vilaine,MACRON,Emmanuel,26.68
2022,35,Ille-et-Vilaine,MÉLENCHON,Jean-Luc,17.17
2022,35,Ille-et-Vilaine,POUTOU,Philippe,0.7
2022,35,Ille-et-Vilaine,PÉCRESSE,Valérie,3.39
2022,35,Ille-et-Vilaine,ROUSSEL,Fabien,1.65
2022,35,Ille-et-Vilaine,ZEMMOUR,Éric,3.56
2022,36,Indre,ARTHAUD,Nathalie,0.65
2022,36,Indre,DUPONT-AIGNAN,Nicolas,1.74
2022,36,Indre,HIDALGO,Anne,1.48
2022,36,Indre,JADOT,Yannick,2.24
2022,36,Indre,LASSALLE,Jean,3.0
2022,36,Indre,LE PEN,Marine,20.78
2022,36,Indre,MACRON,Emmanuel,18.96
2022,36,Indre,MÉLENCHON,Jean-Luc,12.62
2022,36,Indre,POUTOU,Philippe,0.7
2022,36,Indre,PÉCRESSE,Valérie,3.97
2022,36,Indre,ROUSSEL,Fabien,2.23
2022,36,Indre,ZEMMOUR,Éric,4.48
2022,37,Indre-et-Loire,ARTHAUD,Nathalie,0.51
2022,37,Indre-et-Loire,DUPONT-AIGNAN,Nicolas,1.65
2022,37,Indre-et-Loire,HIDALGO,Anne,1.41
2022,37,Indre-et-Loire,JADOT,Yannick,3.69
2022,37,Indre-et-Loire,LASSALLE,Jean,1.93
2022,37,Indre-et-Loire,LE PEN,Marine,16.02
2022,37,Indre-et-Loire,MACRON,Emmanuel,23.04
2022,37,Indre-et-Loire,MÉLENCHON,Jean-Luc,15.44
2022,37,Indre-et-Loire,POUTOU,Philippe,0.65
2022,37,Indre-et-Loire,PÉCRESSE,Valérie,3.7
2022,37,Indre-et-Loire,ROUSSEL,Fabien,1.78
2022,37,Indre-et-Loire,ZEMMOUR,Éric,4.52
2022,38,Isère,ARTHAUD,Nathalie,0.39
2022,38,Isère,DUPONT-AIGNAN,Nicolas,1.62
2022,38,Isère,HIDALGO,Anne,1.44
2022,38,Isère,JADOT,Yannick,4.56
2022,38,Isère,LASSALLE,Jean,1.92
2022,38,Isère,LE PEN,Marine,17.48
2022,38,Isère,MACRON,Emmanuel,20.39
2022,38,Isère,MÉLENCHON,Jean-Luc,17.33
2022,38,Isère,POUTOU,Philippe,0.55
2022,38,Isère,PÉCRESSE,Valérie,3.23
2022,38,Isère,ROUSSEL,Fabien,1.66
2022,38,Isère,ZEMMOUR,Éric,5.36
2022,39,Jura,ARTHAUD,Nathalie,0.55
2022,39,Jura,DUPONT-AIGNAN,Nicolas,2.17
2022,39,Jura,HIDALGO,Anne,1.38
2022,39,Jura,JADOT,Yannick,3.35
2022,39,Jura,LASSALLE,Jean,3.26
2022,39,Jura,LE PEN,Marine,20.03
2022,39,Jura,MACRON,Emmanuel,18.96
2022,39,Jura,MÉLENCHON,Jean-Luc,15.15
2022,39,Jura,POUTOU,Philippe,0.7
2022,39,Jura,PÉCRESSE,Valérie,3.9
2022,39,Jura,ROUSSEL,Fabien,1.66
2022,39,Jura,ZEMMOUR,Éric,5.07
2022,40,Landes,ARTHAUD,Nathalie,0.34
2022,40,Landes,DUPONT-AIGNAN,Nicolas,1.49
2022,40,Landes,HIDALGO,Anne,2.75
2022,40,Landes,JADOT,Yannick,2.62
2022,40,Landes,LASSALLE,Jean,7.38
2022,40,Landes,LE PEN,Marine,17.81
2022,40,Landes,MACRON,Emmanuel,21.09
2022,40,Landes,MÉLENCHON,Jean-Luc,13.53
2022,40,Landes,POUTOU,Philippe,0.6
2022,40,Landes,PÉCRESSE,Valérie,3.16
2022,40,Landes,ROUSSEL,Fabien,2.48
2022,40,Landes,ZEMMOUR,Éric,5.11
2022,41,Loir-et-Cher,ARTHAUD,Nathalie,0.51
2022,41,Loir-et-Cher,DUPONT-AIGNAN,Nicolas,1.81
2022,41,Loir-et-Cher,HIDALGO,Anne,1.29
2022,41,Loir-et-Cher,JADOT,Yannick,2.9
2022,41,Loir-et-Cher,LASSALLE,Jean,2.24
2022,41,Loir-et-Cher,LE PEN,Marine,20.52
2022,41,Loir-et-Cher,MACRON,Emmanuel,20.63
2022,41,Loir-et-Cher,MÉLENCHON,Jean-Luc,12.41
2022,41,Loir-et-Cher,POUTOU,Philippe,0.62
2022,41,Loir-et-Cher,PÉCRESSE,Valérie,3.92
2022,41,Loir-et-Cher,ROUSSEL,Fabien,1.84
2022,41,Loir-et-Cher,ZEMMOUR,Éric,5.19
2022,42,Loire,ARTHAUD,Nathalie,0.47
2022,42,Loire,DUPONT-AIGNAN,Nicolas,1.76
2022,42,Loire,HIDALGO,Anne,1.36
2022,42,Loire,JADOT,Yannick,3.24
2022,42,Loire,LASSALLE,Jean,2.32
2022,42,Loire,LE PEN,Marine,19.03
2022,42,Loire,MACRON,Emmanuel,20.24
2022,42,Loire,MÉLENCHON,Jean-Luc,15.21
2022,42,Loire,POUTOU,Philippe,0.54
2022,42,Loire,PÉCRESSE,Valérie,3.61
2022,42,Loire,ROUSSEL,Fabien,1.75
2022,42,Loire,ZEMMOUR,Éric,5.59
2022,43,Haute-Loire,ARTHAUD,Nathalie,0.56
2022,43,Haute-Loire,DUPONT-AIGNAN,Nicolas,1.86
2022,43,Haute-Loire,HIDALGO,Anne,1.38
2022,43,Haute-Loire,JADOT,Yannick,3.21
2022,43,Haute-Loire,LASSALLE,Jean,4.33
2022,43,Haute-Loire,LE PEN,Marine,21.38
2022,43,Haute-Loire,MACRON,Emmanuel,17.94
2022,43,Haute-Loire,MÉLENCHON,Jean-Luc,13.46
2022,43,Haute-Loire,POUTOU,Philippe,0.67
2022,43,Haute-Loire,PÉCRESSE,Valérie,5.29
2022,43,Haute-Loire,ROUSSEL,Fabien,1.93
2022,43,Haute-Loire,ZEMMOUR,Éric,5.27
2022,44,Loire-Atlantique,ARTHAUD,Nathalie,0.45
2022,44,Loire-Atlantique,DUPONT-AIGNAN,Nicolas,1.4
2022,44,Loire-Atlantique,HIDALGO,Anne,1.74
2022,44,Loire-Atlantique,JADOT,Yannick,5.68
2022,44,Loire-Atlantique,LASSALLE,Jean,1.73
2022,44,Loire-Atlantique,LE PEN,Marine,12.84
2022,44,Loire-Atlantique,MACRON,Emmanuel,24.28
2022,44,Loire-Atlantique,MÉLENCHON,Jean-Luc,17.79
2022,44,Loire-Atlantique,POUTOU,Philippe,0.69
2022,44,Loire-Atlantique,PÉCRESSE,Valérie,3.55
2022,44,Loire-Atlantique,ROUSSEL,Fabien,1.73
2022,44,Loire-Atlantique,ZEMMOUR,Éric,4.05
2022,45,Loiret,ARTHAUD,Nathalie,0.43
2022,45,Loiret,DUPONT-AIGNAN,Nicolas,1.68
2022,45,Loiret,HIDALGO,Anne,1.24
2022,45,Loiret,JADOT,Yannick,3.15
2022,45,Loiret,LASSALLE,Jean,1.85
2022,45,Loiret,LE PEN,Marine,18.76
2022,45,Loiret,MACRON,Emmanuel,21.2
2022,45,Loiret,MÉLENCHON,Jean-Luc,13.88
2022,45,Loiret,POUTOU,Philippe,0.53
2022,45,Loiret,PÉCRESSE,Valérie,3.95
2022,45,Loiret,ROUSSEL,Fabien,1.65
2022,45,Loiret,ZEMMOUR,Éric,5.0
2022,46,Lot,ARTHAUD,Nathalie,0.44
2022,46,Lot,DUPONT-AIGNAN,Nicolas,1.72
2022,46,Lot,HIDALGO,Anne,1.99
2022,46,Lot,JADOT,Yannick,3.3
2022,46,Lot,LASSALLE,Jean,5.77
2022,46,Lot,LE PEN,Marine,15.38
2022,46,Lot,MACRON,Emmanuel,19.61
2022,46,Lot,MÉLENCHON,Jean-Luc,18.62
2022,46,Lot,POUTOU,Philippe,0.7
2022,46,Lot,PÉCRESSE,Valérie,4.06
2022,46,Lot,ROUSSEL,Fabien,2.56
2022,46,Lot,ZEMMOUR,Éric,4.4
2022,47,Lot-et-Garonne,ARTHAUD,Nathalie,0.37
2022,47,Lot-et-Garonne,DUPONT-AIGNAN,Nicolas,1.62
2022,47,Lot-et-Garonne,HIDALGO,Anne,1.39
2022,47,Lot-et-Garonne,JADOT,Yannick,2.36
2022,47,Lot-et-Garonne,LASSALLE,Jean,5.64
2022,47,Lot-et-Garonne,LE PEN,Marine,20.84
2022,47,Lot-et-Garonne,MACRON,Emmanuel,17.64
2022,47,Lot-et-Garonne,MÉLENCHON,Jean-Luc,14.11
2022,47,Lot-et-Garonne,POUTOU,Philippe,0.6
2022,47,Lot-et-Garonne,PÉCRESSE,Valérie,3.19
2022,47,Lot-et-Garonne,ROUSSEL,Fabien,2.06
2022,47,Lot-et-Garonne,ZEMMOUR,Éric,6.48
2022,48,Lozère,ARTHAUD,Nathalie,0.39
2022,48,Lozère,DUPONT-AIGNAN,Nicolas,1.53
2022,48,Lozère,HIDALGO,Anne,1.75
2022,48,Lozère,JADOT,Yannick,2.9
2022,48,Lozère,LASSALLE,Jean,7.89
2022,48,Lozère,LE PEN,Marine,17.55
2022,48,Lozère,MACRON,Emmanuel,17.95
2022,48,Lozère,MÉLENCHON,Jean-Luc,15.3
2022,48,Lozère,POUTOU,Philippe,0.71
2022,48,Lozère,PÉCRESSE,Valérie,5.08
2022,48,Lozère,ROUSSEL,Fabien,2.25
2022,48,Lozère,ZEMMOUR,Éric,5.26
2022,49,Maine-et-Loire,ARTHAUD,Nathalie,0.52
2022,49,Maine-et-Loire,DUPONT-AIGNAN,Nicolas,1.6
2022,49,Maine-et-Loire,HIDALGO,Anne,1.49
2022,49,Maine-et-Loire,JADOT,Yannick,4.52
2022,49,Maine-et-Loire,LASSALLE,Jean,1.87
2022,49,Maine-et-Loire,LE PEN,Marine,15.18
2022,49,Maine-et-Loire,MACRON,Emmanuel,26.65
2022,49,Maine-et-Loire,MÉLENCHON,Jean-Luc,13.68
2022,49,Maine-et-Loire,POUTOU,Philippe,0.62
2022,49,Maine-et-Loire,PÉCRESSE,Valérie,3.66
2022,49,Maine-et-Loire,ROUSSEL,Fabien,1.42
2022,49,Maine-et-Loire,ZEMMOUR,Éric,3.68
2022,50,Manche,ARTHAUD,Nathalie,0.58
2022,50,Manche,DUPONT-AIGNAN,Nicolas,1.79
2022,50,Manche,HIDALGO,Anne,1.52
2022,50,Manche,JADOT,Yannick,3.09
2022,50,Manche,LASSALLE,Jean,2.45
2022,50,Manche,LE PEN,Marine,18.14
2022,50,Manche,MACRON,Emmanuel,24.09
2022,50,Manche,MÉLENCHON,Jean-Luc,12.2
2022,50,Manche,POUTOU,Philippe,0.71
2022,50,Manche,PÉCRESSE,Valérie,3.83
2022,50,Manche,ROUSSEL,Fabien,1.92
2022,50,Manche,ZEMMOUR,Éric,3.64
2022,51,Marne,ARTHAUD,Nathalie,0.47
2022,51,Marne,DUPONT-AIGNAN,Nicolas,1.62
2022,51,Marne,HIDALGO,Anne,0.93
2022,51,Marne,JADOT,Yannick,2.51
2022,51,Marne,LASSALLE,Jean,1.82
2022,51,Marne,LE PEN,Marine,22.0
2022,51,Marne,MACRON,Emmanuel,20.62
2022,51,Marne,MÉLENCHON,Jean-Luc,11.26
2022,51,Marne,POUTOU,Philippe,0.5
2022,51,Marne,PÉCRESSE,Valérie,3.77
2022,51,Marne,ROUSSEL,Fabien,1.39
2022,51,Marne,ZEMMOUR,Éric,5.12
2022,52,Haute-Marne,ARTHAUD,Nathalie,0.54
2022,52,Haute-Marne,DUPONT-AIGNAN,Nicolas,2.0
2022,52,Haute-Marne,HIDALGO,Anne,1.01
2022,52,Haute-Marne,JADOT,Yannick,1.99
2022,52,Haute-Marne,LASSALLE,Jean,2.57
2022,52,Haute-Marne,LE PEN,Marine,26.53
2022,52,Haute-Marne,MACRON,Emmanuel,16.91
2022,52,Haute-Marne,MÉLENCHON,Jean-Luc,10.22
2022,52,Haute-Marne,POUTOU,Philippe,0.58
2022,52,Haute-Marne,PÉCRESSE,Valérie,3.74
2022,52,Haute-Marne,ROUSSEL,Fabien,1.42
2022,52,Haute-Marne,ZEMMOUR,Éric,4.98
2022,53,Mayenne,ARTHAUD,Nathalie,0.57
2022,53,Mayenne,DUPONT-AIGNAN,Nicolas,1.72
2022,53,Mayenne,HIDALGO,Anne,1.54
2022,53,Mayenne,JADOT,Yannick,3.53
2022,53,Mayenne,LASSALLE,Jean,2.08
2022,53,Mayenne,LE PEN,Marine,16.63
2022,53,Mayenne,MACRON,Emmanuel,27.04
2022,53,Mayenne,MÉLENCHON,Jean-Luc,11.4
2022,53,Mayenne,POUTOU,Philippe,0.61
2022,53,Mayenne,PÉCRESSE,Valérie,4.11
2022,53,Mayenne,ROUSSEL,Fabien,1.47
2022,53,Mayenne,ZEMMOUR,Éric,3.58
2022,54,Meurthe-et-Moselle,ARTHAUD,Nathalie,0.48
2022,54,Meurthe-et-Moselle,DUPONT-AIGNAN,Nicolas,1.48
2022,54,Meurthe-et-Moselle,HIDALGO,Anne,1.29
2022,54,Meurthe-et-Moselle,JADOT,Yannick,2.96
2022,54,Meurthe-et-Moselle,LASSALLE,Jean,1.78
2022,54,Meurthe-et-Moselle,LE PEN,Marine,19.76
2022,54,Meurthe-et-Moselle,MACRON,Emmanuel,19.36
2022,54,Meurthe-et-Moselle,MÉLENCHON,Jean-Luc,15.02
2022,54,Meurthe-et-Moselle,POUTOU,Philippe,0.65
2022,54,Meurthe-et-Moselle,PÉCRESSE,Valérie,2.72
2022,54,Meurthe-et-Moselle,ROUSSEL,Fabien,1.62
2022,54,Meurthe-et-Moselle,ZEMMOUR,Éric,4.78
2022,55,Meuse,ARTHAUD,Nathalie,0.52
2022,55,Meuse,DUPONT-AIGNAN,Nicolas,1.8
2022,55,Meuse,HIDALGO,Anne,1.1
2022,55,Meuse,JADOT,Yannick,2.32
2022,55,Meuse,LASSALLE,Jean,2.6
2022,55,Meuse,LE PEN,Marine,25.66
2022,55,Meuse,MACRON,Emmanuel,18.2
2022,55,Meuse,MÉLENCHON,Jean-Luc,10.06
2022,55,Meuse,POUTOU,Philippe,0.66
2022,55,Meuse,PÉCRESSE,Valérie,3.27
2022,55,Meuse,ROUSSEL,Fabien,1.45
2022,55,Meuse,ZEMMOUR,Éric,5.45
2022,56,Morbihan,ARTHAUD,Nathalie,0.48
2022,56,Morbihan,DUPONT-AIGNAN,Nicolas,1.57
2022,56,Morbihan,HIDALGO,Anne,1.36
2022,56,Morbihan,JADOT,Yannick,4.44
2022,56,Morbihan,LASSALLE,Jean,2.36
2022,56,Morbihan,LE PEN,Marine,16.89
2022,56,Morbihan,MACRON,Emmanuel,25.08
2022,56,Morbihan,MÉLENCHON,Jean-Luc,13.83
2022,56,Morbihan,POUTOU,Philippe,0.72
2022,56,Morbihan,PÉCRESSE,Valérie,3.75
2022,56,Morbihan,ROUSSEL,Fabien,1.89
2022,56,Morbihan,ZEMMOUR,Éric,4.37
2022,57,Moselle,ARTHAUD,Nathalie,0.47
2022,57,Moselle,DUPONT-AIGNAN,Nicolas,1.7
2022,57,Moselle,HIDALGO,Anne,1.01
2022,57,Moselle,JADOT,Yannick,2.54
2022,57,Moselle,LASSALLE,Jean,1.9
2022,57,Moselle,LE PEN,Marine,21.35
2022,57,Moselle,MACRON,Emmanuel,18.28
2022,57,Moselle,MÉLENCHON,Jean-Luc,13.43
2022,57,Moselle,POUTOU,Philippe,0.58
2022,57,Moselle,PÉCRESSE,Valérie,2.59
2022,57,Moselle,ROUSSEL,Fabien,1.17
2022,57,Moselle,ZEMMOUR,Éric,5.28
2022,58,Nièvre,ARTHAUD,Nathalie,0.54
2022,58,Nièvre,DUPONT-AIGNAN,Nicolas,1.62
2022,58,Nièvre,HIDALGO,Anne,1.4
2022,58,Nièvre,JADOT,Yannick,2.3
2022,58,Nièvre,LASSALLE,Jean,2.66
2022,58,Nièvre,LE PEN,Marine,21.3
2022,58,Nièvre,MACRON,Emmanuel,18.6
2022,58,Nièvre,MÉLENCHON,Jean-Luc,12.93
2022,58,Nièvre,POUTOU,Philippe,0.66
2022,58,Nièvre,PÉCRESSE,Valérie,3.35
2022,58,Nièvre,ROUSSEL,Fabien,2.78
2022,58,Nièvre,ZEMMOUR,Éric,4.79
2022,59,Nord,ARTHAUD,Nathalie,0.42
2022,59,Nord,DUPONT-AIGNAN,Nicolas,1.14
2022,59,Nord,HIDALGO,Anne,1.0
2022,59,Nord,JADOT,Yannick,2.59
2022,59,Nord,LASSALLE,Jean,1.24
2022,59,Nord,LE PEN,Marine,20.57
2022,59,Nord,MACRON,Emmanuel,18.53
2022,59,Nord,MÉLENCHON,Jean-Luc,15.42
2022,59,Nord,POUTOU,Philippe,0.46
2022,59,Nord,PÉCRESSE,Valérie,2.34
2022,59,Nord,ROUSSEL,Fabien,2.53
2022,59,Nord,ZEMMOUR,Éric,4.03
2022,60,Oise,ARTHAUD,Nathalie,0.51
2022,60,Oise,DUPONT-AIGNAN,Nicolas,1.67
2022,60,Oise,HIDALGO,Anne,0.75
2022,60,Oise,JADOT,Yannick,2.44
2022,60,Oise,LASSALLE,Jean,1.63
2022,60,Oise,LE PEN,Marine,23.55
2022,60,Oise,MACRON,Emmanuel,17.73
2022,60,Oise,MÉLENCHON,Jean-Luc,14.08
2022,60,Oise,POUTOU,Philippe,0.54
2022,60,Oise,PÉCRESSE,Valérie,3.09
2022,60,Oise,ROUSSEL,Fabien,1.6
2022,60,Oise,ZEMMOUR,Éric,5.38
2022,61,Orne,ARTHAUD,Nathalie,0.59
2022,61,Orne,DUPONT-AIGNAN,Nicolas,1.86
2022,61,Orne,HIDALGO,Anne,1.15
2022,61,Orne,JADOT,Yannick,2.68
2022,61,Orne,LASSALLE,Jean,2.38
2022,61,Orne,LE PEN,Marine,20.34
2022,61,Orne,MACRON,Emmanuel,22.38
2022,61,Orne,MÉLENCHON,Jean-Luc,11.19
2022,61,Orne,POUTOU,Philippe,0.65
2022,61,Orne,PÉCRESSE,Valérie,4.3
2022,61,Orne,ROUSSEL,Fabien,1.59
2022,61,Orne,ZEMMOUR,Éric,4.33
2022,62,Pas-de-Calais,ARTHAUD,Nathalie,0.54
2022,62,Pas-de-Calais,DUPONT-AIGNAN,Nicolas,1.28
2022,62,Pas-de-Calais,HIDALGO,Anne,1.06
2022,62,Pas-de-Calais,JADOT,Yannick,1.76
2022,62,Pas-de-Calais,LASSALLE,Jean,1.56
2022,62,Pas-de-Calais,LE PEN,Marine,27.96
2022,62,Pas-de-Calais,MACRON,Emmanuel,17.79
2022,62,Pas-de-Calais,MÉLENCHON,Jean-Luc,11.41
2022,62,Pas-de-Calais,POUTOU,Philippe,0.5
2022,62,Pas-de-Calais,PÉCRESSE,Valérie,2.31
2022,62,Pas-de-Calais,ROUSSEL,Fabien,2.39
2022,62,Pas-de-Calais,ZEMMOUR,Éric,3.73
2022,63,Puy-de-Dôme,ARTHAUD,Nathalie,0.55
2022,63,Puy-de-Dôme,DUPONT-AIGNAN,Nicolas,1.48
2022,63,Puy-de-Dôme,HIDALGO,Anne,1.76
2022,63,Puy-de-Dôme,JADOT,Yannick,3.64
2022,63,Puy-de-Dôme,LASSALLE,Jean,3.45
2022,63,Puy-de-Dôme,LE PEN,Marine,16.7
2022,63,Puy-de-Dôme,MACRON,Emmanuel,21.39
2022,63,Puy-de-Dôme,MÉLENCHON,Jean-Luc,15.92
2022,63,Puy-de-Dôme,POUTOU,Philippe,0.68
2022,63,Puy-de-Dôme,PÉCRESSE,Valérie,3.71
2022,63,Puy-de-Dôme,ROUSSEL,Fabien,2.72
2022,63,Puy-de-Dôme,ZEMMOUR,Éric,4.41
2022,64,Pyrénées-Atlantiques,ARTHAUD,Nathalie,0.32
2022,64,Pyrénées-Atlantiques,DUPONT-AIGNAN,Nicolas,1.29
2022,64,Pyrénées-Atlantiques,HIDALGO,Anne,1.78
2022,64,Pyrénées-Atlantiques,JADOT,Yannick,3.84
2022,64,Pyrénées-Atlantiques,LASSALLE,Jean,9.28
2022,64,Pyrénées-Atlantiques,LE PEN,Marine,13.42
2022,64,Pyrénées-Atlantiques,MACRON,Emmanuel,21.47
2022,64,Pyrénées-Atlantiques,MÉLENCHON,Jean-Luc,14.62
2022,64,Pyrénées-Atlantiques,POUTOU,Philippe,0.96
2022,64,Pyrénées-Atlantiques,PÉCRESSE,Valérie,3.3
2022,64,Pyrénées-Atlantiques,ROUSSEL,Fabien,1.96
2022,64,Pyrénées-Atlantiques,ZEMMOUR,Éric,4.98
2022,65,Hautes-Pyrénées,ARTHAUD,Nathalie,0.36
2022,65,Hautes-Pyrénées,DUPONT-AIGNAN,Nicolas,1.36
2022,65,Hautes-Pyrénées,HIDALGO,Anne,1.87
2022,65,Hautes-Pyrénées,JADOT,Yannick,2.75
2022,65,Hautes-Pyrénées,LASSALLE,Jean,8.32
2022,65,Hautes-Pyrénées,LE PEN,Marine,16.87
2022,65,Hautes-Pyrénées,MACRON,Emmanuel,18.99
2022,65,Hautes-Pyrénées,MÉLENCHON,Jean-Luc,14.91
2022,65,Hautes-Pyrénées,POUTOU,Philippe,0.57
2022,65,Hautes-Pyrénées,PÉCRESSE,Valérie,2.57
2022,65,Hautes-Pyrénées,ROUSSEL,Fabien,2.56
2022,65,Hautes-Pyrénées,ZEMMOUR,Éric,4.91
2022,66,Pyrénées-Orientales,ARTHAUD,Nathalie,0.36
2022,66,Pyrénées-Orientales,DUPONT-AIGNAN,Nicolas,1.44
2022,66,Pyrénées-Orientales,HIDALGO,Anne,1.38
2022,66,Pyrénées-Orientales,JADOT,Yannick,2.37
2022,66,Pyrénées-Orientales,LASSALLE,Jean,3.23
2022,66,Pyrénées-Orientales,LE PEN,Marine,24.28
2022,66,Pyrénées-Orientales,MACRON,Emmanuel,15.24
2022,66,Pyrénées-Orientales,MÉLENCHON,Jean-Luc,14.24
2022,66,Pyrénées-Orientales,POUTOU,Philippe,0.55
2022,66,Pyrénées-Orientales,PÉCRESSE,Valérie,2.43
2022,66,Pyrénées-Orientales,ROUSSEL,Fabien,1.8
2022,66,Pyrénées-Orientales,ZEMMOUR,Éric,6.84
2022,67,Bas-Rhin,ARTHAUD,Nathalie,0.47
2022,67,Bas-Rhin,DUPONT-AIGNAN,Nicolas,2.18
2022,67,Bas-Rhin,HIDALGO,Anne,1.07
2022,67,Bas-Rhin,JADOT,Yannick,3.67
2022,67,Bas-Rhin,LASSALLE,Jean,1.88
2022,67,Bas-Rhin,LE PEN,Marine,18.73
2022,67,Bas-Rhin,MACRON,Emmanuel,22.74
2022,67,Bas-Rhin,MÉLENCHON,Jean-Luc,13.49
2022,67,Bas-Rhin,POUTOU,Philippe,0.53
2022,67,Bas-Rhin,PÉCRESSE,Valérie,3.19
2022,67,Bas-Rhin,ROUSSEL,Fabien,0.9
2022,67,Bas-Rhin,ZEMMOUR,Éric,5.2
2022,68,Haut-Rhin,ARTHAUD,Nathalie,0.43
2022,68,Haut-Rhin,DUPONT-AIGNAN,Nicolas,2.58
2022,68,Haut-Rhin,HIDALGO,Anne,0.92
2022,68,Haut-Rhin,JADOT,Yannick,3.57
2022,68,Haut-Rhin,LASSALLE,Jean,2.08
2022,68,Haut-Rhin,LE PEN,Marine,20.11
2022,68,Haut-Rhin,MACRON,Emmanuel,20.17
2022,68,Haut-Rhin,MÉLENCHON,Jean-Luc,12.46
2022,68,Haut-Rhin,POUTOU,Philippe,0.53
2022,68,Haut-Rhin,PÉCRESSE,Valérie,3.01
2022,68,Haut-Rhin,ROUSSEL,Fabien,0.87
2022,68,Haut-Rhin,ZEMMOUR,Éric,5.7
2022,69,Rhône,ARTHAUD,Nathalie,0.32
2022,69,Rhône,DUPONT-AIGNAN,Nicolas,1.4
2022,69,Rhône,HIDALGO,Anne,1.35
2022,69,Rhône,JADOT,Yannick,4.39
2022,69,Rhône,LASSALLE,Jean,1.49
2022,69,Rhône,LE PEN,Marine,12.74
2022,69,Rhône,MACRON,Emmanuel,23.56
2022,69,Rhône,MÉLENCHON,Jean-Luc,19.39
2022,69,Rhône,POUTOU,Philippe,0.45
2022,69,Rhône,PÉCRESSE,Valérie,4.26
2022,69,Rhône,ROUSSEL,Fabien,1.35
2022,69,Rhône,ZEMMOUR,Éric,6.28
2022,70,Haute-Saône,ARTHAUD,Nathalie,0.66
2022,70,Haute-Saône,DUPONT-AIGNAN,Nicolas,2.05
2022,70,Haute-Saône,HIDALGO,Anne,1.32
2022,70,Haute-Saône,JADOT,Yannick,2.42
2022,70,Haute-Saône,LASSALLE,Jean,2.71
2022,70,Haute-Saône,LE PEN,Marine,26.23
2022,70,Haute-Saône,MACRON,Emmanuel,17.0
2022,70,Haute-Saône,MÉLENCHON,Jean-Luc,11.87
2022,70,Haute-Saône,POUTOU,Philippe,0.73
2022,70,Haute-Saône,PÉCRESSE,Valérie,3.8
2022,70,Haute-Saône,ROUSSEL,Fabien,1.6
2022,70,Haute-Saône,ZEMMOUR,Éric,5.44
2022,71,Saône-et-Loire,ARTHAUD,Nathalie,0.49
2022,71,Saône-et-Loire,DUPONT-AIGNAN,Nicolas,1.92
2022,71,Saône-et-Loire,HIDALGO,Anne,1.5
2022,71,Saône-et-Loire,JADOT,Yannick,2.66
2022,71,Saône-et-Loire,LASSALLE,Jean,2.53
2022,71,Saône-et-Loire,LE PEN,Marine,20.34
2022,71,Saône-et-Loire,MACRON,Emmanuel,20.5
2022,71,Saône-et-Loire,MÉLENCHON,Jean-Luc,12.99
2022,71,Saône-et-Loire,POUTOU,Philippe,0.59
2022,71,Saône-et-Loire,PÉCRESSE,Valérie,3.77
2022,71,Saône-et-Loire,ROUSSEL,Fabien,1.84
2022,71,Saône-et-Loire,ZEMMOUR,Éric,5.13
2022,72,Sarthe,ARTHAUD,Nathalie,0.52
2022,72,Sarthe,DUPONT-AIGNAN,Nicolas,1.58
2022,72,Sarthe,HIDALGO,Anne,1.32
2022,72,Sarthe,JADOT,Yannick,3.29
2022,72,Sarthe,LASSALLE,Jean,1.83
2022,72,Sarthe,LE PEN,Marine,19.99
2022,72,Sarthe,MACRON,Emmanuel,20.39
2022,72,Sarthe,MÉLENCHON,Jean-Luc,13.19
2022,72,Sarthe,POUTOU,Philippe,0.61
2022,72,Sarthe,PÉCRESSE,Valérie,3.87
2022,72,Sarthe,ROUSSEL,Fabien,1.68
2022,72,Sarthe,ZEMMOUR,Éric,3.94
2022,73,Savoie,ARTHAUD,Nathalie,0.38
2022,73,Savoie,DUPONT-AIGNAN,Nicolas,2.09
2022,73,Savoie,HIDALGO,Anne,1.38
2022,73,Savoie,JADOT,Yannick,4.88
2022,73,Savoie,LASSALLE,Jean,2.52
2022,73,Savoie,LE PEN,Marine,17.69
2022,73,Savoie,MACRON,Emmanuel,20.17
2022,73,Savoie,MÉLENCHON,Jean-Luc,15.55
2022,73,Savoie,POUTOU,Philippe,0.58
2022,73,Savoie,PÉCRESSE,Valérie,4.24
2022,73,Savoie,ROUSSEL,Fabien,1.73
2022,73,Savoie,ZEMMOUR,Éric,5.63
2022,74,Haute-Savoie,ARTHAUD,Nathalie,0.33
2022,74,Haute-Savoie,DUPONT-AIGNAN,Nicolas,2.51
2022,74,Haute-Savoie,HIDALGO,Anne,1.17
2022,74,Haute-Savoie,JADOT,Yannick,5.29
2022,74,Haute-Savoie,LASSALLE,Jean,2.36
2022,74,Haute-Savoie,LE PEN,Marine,15.51
2022,74,Haute-Savoie,MACRON,Emmanuel,23.06
2022,74,Haute-Savoie,MÉLENCHON,Jean-Luc,13.8
2022,74,Haute-Savoie,POUTOU,Philippe,0.57
2022,74,Haute-Savoie,PÉCRESSE,Valérie,3.95
2022,74,Haute-Savoie,ROUSSEL,Fabien,1.06
2022,74,Haute-Savoie,ZEMMOUR,Éric,5.9
2022,75,Paris,ARTHAUD,Nathalie,0.21
2022,75,Paris,DUPONT-AIGNAN,Nicolas,0.7
2022,75,Paris,HIDALGO,Anne,1.67
2022,75,Paris,JADOT,Yannick,5.87
2022,75,Paris,LASSALLE,Jean,0.89
2022,75,Paris,LE PEN,Marine,4.27
2022,75,Paris,MACRON,Emmanuel,27.25
2022,75,Paris,MÉLENCHON,Jean-Luc,23.2
2022,75,Paris,POUTOU,Philippe,0.42
2022,75,Paris,PÉCRESSE,Valérie,5.08
2022,75,Paris,ROUSSEL,Fabien,1.26
2022,75,Paris,ZEMMOUR,Éric,6.29
2022,76,Seine-Maritime,ARTHAUD,Nathalie,0.5
2022,76,Seine-Maritime,DUPONT-AIGNAN,Nicolas,1.41
2022,76,Seine-Maritime,HIDALGO,Anne,1.27
2022,76,Seine-Maritime,JADOT,Yannick,2.82
2022,76,Seine-Maritime,LASSALLE,Jean,1.55
2022,76,Seine-Maritime,LE PEN,Marine,20.22
2022,76,Seine-Maritime,MACRON,Emmanuel,20.44
2022,76,Seine-Maritime,MÉLENCHON,Jean-Luc,15.48
2022,76,Seine-Maritime,POUTOU,Philippe,0.62
2022,76,Seine-Maritime,PÉCRESSE,Valérie,2.76
2022,76,Seine-Maritime,ROUSSEL,Fabien,2.26
2022,76,Seine-Maritime,ZEMMOUR,Éric,3.79
2022,77,Seine-et-Marne,ARTHAUD,Nathalie,0.38
2022,77,Seine-et-Marne,DUPONT-AIGNAN,Nicolas,1.67
2022,77,Seine-et-Marne,HIDALGO,Anne,0.87
2022,77,Seine-et-Marne,JADOT,Yannick,2.97
2022,77,Seine-et-Marne,LASSALLE,Jean,1.53
2022,77,Seine-et-Marne,LE PEN,Marine,17.32
2022,77,Seine-et-Marne,MACRON,Emmanuel,18.37
2022,77,Seine-et-Marne,MÉLENCHON,Jean-Luc,19.01
2022,77,Seine-et-Marne,POUTOU,Philippe,0.51
2022,77,Seine-et-Marne,PÉCRESSE,Valérie,4.1
2022,77,Seine-et-Marne,ROUSSEL,Fabien,1.43
2022,77,Seine-et-Marne,ZEMMOUR,Éric,5.33
2022,78,Yvelines,ARTHAUD,Nathalie,0.29
2022,78,Yvelines,DUPONT-AIGNAN,Nicolas,1.36
2022,78,Yvelines,HIDALGO,Anne,0.94
2022,78,Yvelines,JADOT,Yannick,4.21
2022,78,Yvelines,LASSALLE,Jean,1.42
2022,78,Yvelines,LE PEN,Marine,10.55
2022,78,Yvelines,MACRON,Emmanuel,25.6
2022,78,Yvelines,MÉLENCHON,Jean-Luc,17.54
2022,78,Yvelines,POUTOU,Philippe,0.41
2022,78,Yvelines,PÉCRESSE,Valérie,6.38
2022,78,Yvelines,ROUSSEL,Fabien,1.22
2022,78,Yvelines,ZEMMOUR,Éric,6.7
2022,79,Deux-Sèvres,ARTHAUD,Nathalie,0.6
2022,79,Deux-Sèvres,DUPONT-AIGNAN,Nicolas,1.66
2022,79,Deux-Sèvres,HIDALGO,Anne,1.59
2022,79,Deux-Sèvres,JADOT,Yannick,3.69
2022,79,Deux-Sèvres,LASSALLE,Jean,2.57
2022,79,Deux-Sèvres,LE PEN,Marine,17.53
2022,79,Deux-Sèvres,MACRON,Emmanuel,25.05
2022,79,Deux-Sèvres,MÉLENCHON,Jean-Luc,14.32
2022,79,Deux-Sèvres,POUTOU,Philippe,0.78
2022,79,Deux-Sèvres,PÉCRESSE,Valérie,3.39
2022,79,Deux-Sèvres,ROUSSEL,Fabien,1.66
2022,79,Deux-Sèvres,ZEMMOUR,Éric,3.22
2022,80,Somme,ARTHAUD,Nathalie,0.61
2022,80,Somme,DUPONT-AIGNAN,Nicolas,1.37
2022,80,Somme,HIDALGO,Anne,0.91
2022,80,Somme,JADOT,Yannick,1.96
2022,80,Somme,LASSALLE,Jean,1.8
2022,80,Somme,LE PEN,Marine,23.91
2022,80,Somme,MACRON,Emmanuel,20.27
2022,80,Somme,MÉLENCHON,Jean-Luc,12.76
2022,80,Somme,POUTOU,Philippe,0.54
2022,80,Somme,PÉCRESSE,Valérie,2.78
2022,80,Somme,ROUSSEL,Fabien,1.88
2022,80,Somme,ZEMMOUR,Éric,4.12
2022,81,Tarn,ARTHAUD,Nathalie,0.39
2022,81,Tarn,DUPONT-AIGNAN,Nicolas,1.72
2022,81,Tarn,HIDALGO,Anne,1.95
2022,81,Tarn,JADOT,Yannick,2.91
2022,81,Tarn,LASSALLE,Jean,5.7
2022,81,Tarn,LE PEN,Marine,18.96
2022,81,Tarn,MACRON,Emmanuel,18.08
2022,81,Tarn,MÉLENCHON,Jean-Luc,16.24
2022,81,Tarn,POUTOU,Philippe,0.61
2022,81,Tarn,PÉCRESSE,Valérie,3.36
2022,81,Tarn,ROUSSEL,Fabien,1.78
2022,81,Tarn,ZEMMOUR,Éric,5.36
2022,82,Tarn-et-Garonne,ARTHAUD,Nathalie,0.36
2022,82,Tarn-et-Garonne,DUPONT-AIGNAN,Nicolas,1.81
2022,82,Tarn-et-Garonne,HIDALGO,Anne,1.63
2022,82,Tarn-et-Garonne,JADOT,Yannick,2.56
2022,82,Tarn-et-Garonne,LASSALLE,Jean,5.07
2022,82,Tarn-et-Garonne,LE PEN,Marine,22.35
2022,82,Tarn-et-Garonne,MACRON,Emmanuel,16.82
2022,82,Tarn-et-Garonne,MÉLENCHON,Jean-Luc,14.77
2022,82,Tarn-et-Garonne,POUTOU,Philippe,0.56
2022,82,Tarn-et-Garonne,PÉCRESSE,Valérie,3.18
2022,82,Tarn-et-Garonne,ROUSSEL,Fabien,1.92
2022,82,Tarn-et-Garonne,ZEMMOUR,Éric,6.24
2022,83,Var,ARTHAUD,Nathalie,0.26
2022,83,Var,DUPONT-AIGNAN,Nicolas,1.86
2022,83,Var,HIDALGO,Anne,0.69
2022,83,Var,JADOT,Yannick,2.56
2022,83,Var,LASSALLE,Jean,2.17
2022,83,Var,LE PEN,Marine,22.33
2022,83,Var,MACRON,Emmanuel,17.34
2022,83,Var,MÉLENCHON,Jean-Luc,10.87
2022,83,Var,POUTOU,Philippe,0.44
2022,83,Var,PÉCRESSE,Valérie,3.45
2022,83,Var,ROUSSEL,Fabien,1.3
2022,83,Var,ZEMMOUR,Éric,9.66
2022,84,Vaucluse,ARTHAUD,Nathalie,0.3
2022,84,Vaucluse,DUPONT-AIGNAN,Nicolas,1.68
2022,84,Vaucluse,HIDALGO,Anne,0.92
2022,84,Vaucluse,JADOT,Yannick,2.95
2022,84,Vaucluse,LASSALLE,Jean,2.39
2022,84,Vaucluse,LE PEN,Marine,21.72
2022,84,Vaucluse,MACRON,Emmanuel,16.25
2022,84,Vaucluse,MÉLENCHON,Jean-Luc,15.32
2022,84,Vaucluse,POUTOU,Philippe,0.49
2022,84,Vaucluse,PÉCRESSE,Valérie,2.9
2022,84,Vaucluse,ROUSSEL,Fabien,1.52
2022,84,Vaucluse,ZEMMOUR,Éric,7.4
2022,85,Vendée,ARTHAUD,Nathalie,0.48
2022,85,Vendée,DUPONT-AIGNAN,Nicolas,1.75
2022,85,Vendée,HIDALGO,Anne,1.31
2022,85,Vendée,JADOT,Yannick,3.59
2022,85,Vendée,LASSALLE,Jean,2.37
2022,85,Vendée,LE PEN,Marine,17.66
2022,85,Vendée,MACRON,Emmanuel,27.15
2022,85,Vendée,MÉLENCHON,Jean-Luc,10.99
2022,85,Vendée,POUTOU,Philippe,0.66
2022,85,Vendée,PÉCRESSE,Valérie,4.09
2022,85,Vendée,ROUSSEL,Fabien,1.48
2022,85,Vendée,ZEMMOUR,Éric,4.66
2022,86,Vienne,ARTHAUD,Nathalie,0.56
2022,86,Vienne,DUPONT-AIGNAN,Nicolas,1.66
2022,86,Vienne,HIDALGO,Anne,1.48
2022,86,Vienne,JADOT,Yannick,3.51
2022,86,Vienne,LASSALLE,Jean,2.53
2022,86,Vienne,LE PEN,Marine,17.72
2022,86,Vienne,MACRON,Emmanuel,22.17
2022,86,Vienne,MÉLENCHON,Jean-Luc,16.07
2022,86,Vienne,POUTOU,Philippe,0.76
2022,86,Vienne,PÉCRESSE,Valérie,3.25
2022,86,Vienne,ROUSSEL,Fabien,2.1
2022,86,Vienne,ZEMMOUR,Éric,3.9
2022,87,Haute-Vienne,ARTHAUD,Nathalie,0.55
2022,87,Haute-Vienne,DUPONT-AIGNAN,Nicolas,1.35
2022,87,Haute-Vienne,HIDALGO,Anne,2.14
2022,87,Haute-Vienne,JADOT,Yannick,2.99
2022,87,Haute-Vienne,LASSALLE,Jean,3.78
2022,87,Haute-Vienne,LE PEN,Marine,17.2
2022,87,Haute-Vienne,MACRON,Emmanuel,20.84
2022,87,Haute-Vienne,MÉLENCHON,Jean-Luc,16.36
2022,87,Haute-Vienne,POUTOU,Philippe,0.68
2022,87,Haute-Vienne,PÉCRESSE,Valérie,3.62
2022,87,Haute-Vienne,ROUSSEL,Fabien,3.04
2022,87,Haute-Vienne,ZEMMOUR,Éric,4.09
2022,88,Vosges,ARTHAUD,Nathalie,0.56
2022,88,Vosges,DUPONT-AIGNAN,Nicolas,2.21
2022,88,Vosges,HIDALGO,Anne,1.12
2022,88,Vosges,JADOT,Yannick,2.72
2022,88,Vosges,LASSALLE,Jean,2.59
2022,88,Vosges,LE PEN,Marine,23.62
2022,88,Vosges,MACRON,Emmanuel,18.51
2022,88,Vosges,MÉLENCHON,Jean-Luc,11.75
2022,88,Vosges,POUTOU,Philippe,0.71
2022,88,Vosges,PÉCRESSE,Valérie,3.36
2022,88,Vosges,ROUSSEL,Fabien,1.38
2022,88,Vosges,ZEMMOUR,Éric,4.74
2022,89,Yonne,ARTHAUD,Nathalie,0.51
2022,89,Yonne,DUPONT-AIGNAN,Nicolas,1.93
2022,89,Yonne,HIDALGO,Anne,0.96
2022,89,Yonne,JADOT,Yannick,2.49
2022,89,Yonne,LASSALLE,Jean,2.25
2022,89,Yonne,LE PEN,Marine,23.18
2022,89,Yonne,MACRON,Emmanuel,17.91
2022,89,Yonne,MÉLENCHON,Jean-Luc,13.28
2022,89,Yonne,POUTOU,Philippe,0.62
2022,89,Yonne,PÉCRESSE,Valérie,3.92
2022,89,Yonne,ROUSSEL,Fabien,1.69
2022,89,Yonne,ZEMMOUR,Éric,5.44
2022,90,Territoire de Belfort,ARTHAUD,Nathalie,0.6
2022,90,Territoire de Belfort,DUPONT-AIGNAN,Nicolas,1.94
2022,90,Territoire de Belfort,HIDALGO,Anne,1.12
2022,90,Territoire de Belfort,JADOT,Yannick,2.99
2022,90,Territoire de Belfort,LASSALLE,Jean,2.13
2022,90,Territoire de Belfort,LE PEN,Marine,20.34
2022,90,Territoire de Belfort,MACRON,Emmanuel,17.89
2022,90,Territoire de Belfort,MÉLENCHON,Jean-Luc,15.58
2022,90,Territoire de Belfort,POUTOU,Philippe,0.64
2022,90,Territoire de Belfort,PÉCRESSE,Valérie,3.54
2022,90,Territoire de Belfort,ROUSSEL,Fabien,1.58
2022,90,Territoire de Belfort,ZEMMOUR,Éric,5.96
2022,91,Essonne,ARTHAUD,Nathalie,0.35
2022,91,Essonne,DUPONT-AIGNAN,Nicolas,1.9
2022,91,Essonne,HIDALGO,Anne,0.99
2022,91,Essonne,JADOT,Yannick,3.7
2022,91,Essonne,LASSALLE,Jean,1.45
2022,91,Essonne,LE PEN,Marine,13.24
2022,91,Essonne,MACRON,Emmanuel,20.58
2022,91,Essonne,MÉLENCHON,Jean-Luc,20.93
2022,91,Essonne,POUTOU,Philippe,0.54
2022,91,Essonne,PÉCRESSE,Valérie,4.13
2022,91,Essonne,ROUSSEL,Fabien,1.69
2022,91,Essonne,ZEMMOUR,Éric,4.91
2022,92,Hauts-de-Seine,ARTHAUD,Nathalie,0.23
2022,92,Hauts-de-Seine,DUPONT-AIGNAN,Nicolas,0.98
2022,92,Hauts-de-Seine,HIDALGO,Anne,1.05
2022,92,Hauts-de-Seine,JADOT,Yannick,4.72
2022,92,Hauts-de-Seine,LASSALLE,Jean,1.13
2022,92,Hauts-de-Seine,LE PEN,Marine,6.5
2022,92,Hauts-de-Seine,MACRON,Emmanuel,28.82
2022,92,Hauts-de-Seine,MÉLENCHON,Jean-Luc,20.01
2022,92,Hauts-de-Seine,POUTOU,Philippe,0.37
2022,92,Hauts-de-Seine,PÉCRESSE,Valérie,6.24
2022,92,Hauts-de-Seine,ROUSSEL,Fabien,1.32
2022,92,Hauts-de-Seine,ZEMMOUR,Éric,6.29
2022,93,Seine-Saint-Denis,ARTHAUD,Nathalie,0.35
2022,93,Seine-Saint-Denis,DUPONT-AIGNAN,Nicolas,0.79
2022,93,Seine-Saint-Denis,HIDALGO,Anne,0.74
2022,93,Seine-Saint-Denis,JADOT,Yannick,2.44
2022,93,Seine-Saint-Denis,LASSALLE,Jean,0.86
2022,93,Seine-Saint-Denis,LE PEN,Marine,8.13
2022,93,Seine-Saint-Denis,MACRON,Emmanuel,13.87
2022,93,Seine-Saint-Denis,MÉLENCHON,Jean-Luc,33.58
2022,93,Seine-Saint-Denis,POUTOU,Philippe,0.46
2022,93,Seine-Saint-Denis,PÉCRESSE,Valérie,2.2
2022,93,Seine-Saint-Denis,ROUSSEL,Fabien,1.47
2022,93,Seine-Saint-Denis,ZEMMOUR,Éric,3.52
2022,94,Val-de-Marne,ARTHAUD,Nathalie,0.31
2022,94,Val-de-Marne,DUPONT-AIGNAN,Nicolas,1.18
2022,94,Val-de-Marne,HIDALGO,Anne,1.04
2022,94,Val-de-Marne,JADOT,Yannick,4.01
2022,94,Val-de-Marne,LASSALLE,Jean,1.12
2022,94,Val-de-Marne,LE PEN,Marine,8.74
2022,94,Val-de-Marne,MACRON,Emmanuel,21.53
2022,94,Val-de-Marne,MÉLENCHON,Jean-Luc,24.17
2022,94,Val-de-Marne,POUTOU,Philippe,0.47
2022,94,Val-de-Marne,PÉCRESSE,Valérie,4.09
2022,94,Val-de-Marne,ROUSSEL,Fabien,1.88
2022,94,Val-de-Marne,ZEMMOUR,Éric,5.46
2022,95,Val-d'Oise,ARTHAUD,Nathalie,0.33
2022,95,Val-d'Oise,DUPONT-AIGNAN,Nicolas,1.23
2022,95,Val-d'Oise,HIDALGO,Anne,0.83
2022,95,Val-d'Oise,JADOT,Yannick,2.82
2022,95,Val-d'Oise,LASSALLE,Jean,1.24
2022,95,Val-d'Oise,LE PEN,Marine,12.42
2022,95,Val-d'Oise,MACRON,Emmanuel,18.84
2022,95,Val-d'Oise,MÉLENCHON,Jean-Luc,23.95
2022,95,Val-d'Oise,POUTOU,Philippe,0.46
2022,95,Val-d'Oise,PÉCRESSE,Valérie,3.6
2022,95,Val-d'Oise,ROUSSEL,Fabien,1.37
2022,95,Val-d'Oise,ZEMMOUR,Éric,5.12
2022,ZA,Guadeloupe,ARTHAUD,Nathalie,0.34
2022,ZA,Guadeloupe,DUPONT-AIGNAN,Nicolas,0.67
2022,ZA,Guadeloupe,HIDALGO,Anne,0.72
2022,ZA,Guadeloupe,JADOT,Yannick,0.61
2022,ZA,Guadeloupe,LASSALLE,Jean,0.33
2022,ZA,Guadeloupe,LE PEN,Marine,7.66
2022,ZA,Guadeloupe,MACRON,Emmanuel,5.74
2022,ZA,Guadeloupe,MÉLENCHON,Jean-Luc,24.01
2022,ZA,Guadeloupe,POUTOU,Philippe,0.23
2022,ZA,Guadeloupe,PÉCRESSE,Valérie,1.26
2022,ZA,Guadeloupe,ROUSSEL,Fabien,0.21
2022,ZA,Guadeloupe,ZEMMOUR,Éric,0.98
2022,ZB,Martinique,ARTHAUD,Nathalie,0.48
2022,ZB,Martinique,DUPONT-AIGNAN,Nicolas,0.98
2022,ZB,Martinique,HIDALGO,Anne,1.29
2022,ZB,Martinique,JADOT,Yannick,0.65
2022,ZB,Martinique,LASSALLE,Jean,0.38
2022,ZB,Martinique,LE PEN,Marine,5.42
2022,ZB,Martinique,MACRON,Emmanuel,6.58
2022,ZB,Martinique,MÉLENCHON,Jean-Luc,21.44
2022,ZB,Martinique,POUTOU,Philippe,0.32
2022,ZB,Martinique,PÉCRESSE,Valérie,1.55
2022,ZB,Martinique,ROUSSEL,Fabien,0.25
2022,ZB,Martinique,ZEMMOUR,Éric,1.04
2022,ZC,Guyane,ARTHAUD,Nathalie,0.29
2022,ZC,Guyane,DUPONT-AIGNAN,Nicolas,0.7
2022,ZC,Guyane,HIDALGO,Anne,0.52
2022,ZC,Guyane,JADOT,Yannick,0.91
2022,ZC,Guyane,LASSALLE,Jean,0.5
2022,ZC,Guyane,LE PEN,Marine,6.15
2022,ZC,Guyane,MACRON,Emmanuel,4.95
2022,ZC,Guyane,MÉLENCHON,Jean-Luc,17.62
2022,ZC,Guyane,POUTOU,Philippe,0.45
2022,ZC,Guyane,PÉCRESSE,Valérie,0.97
2022,ZC,Guyane,ROUSSEL,Fabien,0.24
2022,ZC,Guyane,ZEMMOUR,Éric,1.53
2022,ZD,La Réunion,ARTHAUD,Nathalie,0.52
2022,ZD,La Réunion,DUPONT-AIGNAN,Nicolas,1.23
2022,ZD,La Réunion,HIDALGO,Anne,0.82
2022,ZD,La Réunion,JADOT,Yannick,1.18
2022,ZD,La Réunion,LASSALLE,Jean,0.72
2022,ZD,La Réunion,LE PEN,Marine,12.7
2022,ZD,La Réunion,MACRON,Emmanuel,9.26
2022,ZD,La Réunion,MÉLENCHON,Jean-Luc,20.67
2022,ZD,La Réunion,POUTOU,Philippe,0.4
2022,ZD,La Réunion,PÉCRESSE,Valérie,1.44
2022,ZD,La Réunion,ROUSSEL,Fabien,0.46
2022,ZD,La Réunion,ZEMMOUR,Éric,1.93
2022,ZM,Mayotte,ARTHAUD,Nathalie,0.47
2022,ZM,Mayotte,DUPONT-AIGNAN,Nicolas,0.57
2022,ZM,Mayotte,HIDALGO,Anne,0.34
2022,ZM,Mayotte,JADOT,Yannick,0.32
2022,ZM,Mayotte,LASSALLE,Jean,0.39
2022,ZM,Mayotte,LE PEN,Marine,16.23
2022,ZM,Mayotte,MACRON,Emmanuel,6.44
2022,ZM,Mayotte,MÉLENCHON,Jean-Luc,9.11
2022,ZM,Mayotte,POUTOU,Philippe,0.36
2022,ZM,Mayotte,PÉCRESSE,Valérie,3.05
2022,ZM,Mayotte,ROUSSEL,Fabien,0.22
2022,ZM,Mayotte,ZEMMOUR,Éric,0.52
2022,ZN,Nouvelle-Calédonie,ARTHAUD,Nathalie,0.26
2022,ZN,Nouvelle-Calédonie,DUPONT-AIGNAN,Nicolas,1.23
2022,ZN,Nouvelle-Calédonie,HIDALGO,Anne,0.44
2022,ZN,Nouvelle-Calédonie,JADOT,Yannick,0.99
2022,ZN,Nouvelle-Calédonie,LASSALLE,Jean,0.47
2022,ZN,Nouvelle-Calédonie,LE PEN,Marine,6.07
2022,ZN,Nouvelle-Calédonie,MACRON,Emmanuel,13.06
2022,ZN,Nouvelle-Calédonie,MÉLENCHON,Jean-Luc,4.44
2022,ZN,Nouvelle-Calédonie,POUTOU,Philippe,0.26
2022,ZN,Nouvelle-Calédonie,PÉCRESSE,Valérie,1.89
2022,ZN,Nouvelle-Calédonie,ROUSSEL,Fabien,0.18
2022,ZN,Nouvelle-Calédonie,ZEMMOUR,Éric,2.94
2022,ZP,Polynésie française,ARTHAUD,Nathalie,0.39
2022,ZP,Polynésie française,DUPONT-AIGNAN,Nicolas,0.96
2022,ZP,Polynésie française,HIDALGO,Anne,0.42
2022,ZP,Polynésie française,JADOT,Yannick,1.05
2022,ZP,Polynésie française,LASSALLE,Jean,0.3
2022,ZP,Polynésie française,LE PEN,Marine,5.69
2022,ZP,Polynésie française,MACRON,Emmanuel,11.73
2022,ZP,Polynésie française,MÉLENCHON,Jean-Luc,3.89
2022,ZP,Polynésie française,POUTOU,Philippe,0.22
2022,ZP,Polynésie française,PÉCRESSE,Valérie,2.3
2022,ZP,Polynésie française,ROUSSEL,Fabien,0.18
2022,ZP,Polynésie française,ZEMMOUR,Éric,2.08
2022,ZS,Saint-Pierre-et-Miquelon,ARTHAUD,Nathalie,0.44
2022,ZS,Saint-Pierre-et-Miquelon,DUPONT-AIGNAN,Nicolas,1.63
2022,ZS,Saint-Pierre-et-Miquelon,HIDALGO,Anne,1.49
2022,ZS,Saint-Pierre-et-Miquelon,JADOT,Yannick,2.3
2022,ZS,Saint-Pierre-et-Miquelon,LASSALLE,Jean,2.14
2022,ZS,Saint-Pierre-et-Miquelon,LE PEN,Marine,9.1
2022,ZS,Saint-Pierre-et-Miquelon,MACRON,Emmanuel,10.58
2022,ZS,Saint-Pierre-et-Miquelon,MÉLENCHON,Jean-Luc,21.9
2022,ZS,Saint-Pierre-et-Miquelon,POUTOU,Philippe,0.99
2022,ZS,Saint-Pierre-et-Miquelon,PÉCRESSE,Valérie,1.01
2022,ZS,Saint-Pierre-et-Miquelon,ROUSSEL,Fabien,0.38
2022,ZS,Saint-Pierre-et-Miquelon,ZEMMOUR,Éric,1.59
2022,ZW,Wallis et Futuna,ARTHAUD,Nathalie,1.03
2022,ZW,Wallis et Futuna,DUPONT-AIGNAN,Nicolas,2.56
2022,ZW,Wallis et Futuna,HIDALGO,Anne,1.24
2022,ZW,Wallis et Futuna,JADOT,Yannick,0.76
2022,ZW,Wallis et Futuna,LASSALLE,Jean,0.82
2022,ZW,Wallis et Futuna,LE PEN,Marine,6.08
2022,ZW,Wallis et Futuna,MACRON,Emmanuel,22.2
2022,ZW,Wallis et Futuna,MÉLENCHON,Jean-Luc,5.26
2022,ZW,Wallis et Futuna,POUTOU,Philippe,0.5
2022,ZW,Wallis et Futuna,PÉCRESSE,Valérie,14.21
2022,ZW,Wallis et Futuna,ROUSSEL,Fabien,0.36
2022,ZW,Wallis et Futuna,ZEMMOUR,Éric,1.24
2022,ZX,Saint-Martin/Saint-Barthélemy,ARTHAUD,Nathalie,0.17
2022,ZX,Saint-Martin/Saint-Barthélemy,DUPONT-AIGNAN,Nicolas,1.39
2022,ZX,Saint-Martin/Saint-Barthélemy,HIDALGO,Anne,0.38
2022,ZX,Saint-Martin/Saint-Barthélemy,JADOT,Yannick,1.01
2022,ZX,Saint-Martin/Saint-Barthélemy,LASSALLE,Jean,0.85
2022,ZX,Saint-Martin/Saint-Barthélemy,LE PEN,Marine,5.92
2022,ZX,Saint-Martin/Saint-Barthélemy,MACRON,Emmanuel,8.48
2022,ZX,Saint-Martin/Saint-Barthélemy,MÉLENCHON,Jean-Luc,9.64
2022,ZX,Saint-Martin/Saint-Barthélemy,POUTOU,Philippe,0.26
2022,ZX,Saint-Martin/Saint-Barthélemy,PÉCRESSE,Valérie,1.45
2022,ZX,Saint-Martin/Saint-Barthélemy,ROUSSEL,Fabien,0.2
2022,ZX,Saint-Martin/Saint-Barthélemy,ZEMMOUR,Éric,4.53
2022,ZZ,Français établis hors de France,ARTHAUD,Nathalie,0.09
2022,ZZ,Français établis hors de France,DUPONT-AIGNAN,Nicolas,0.49
2022,ZZ,Français établis hors de France,HIDALGO,Anne,0.87
2022,ZZ,Français établis hors de France,JADOT,Yannick,2.84
2022,ZZ,Français établis hors de France,LASSALLE,Jean,0.42
2022,ZZ,Français établis hors de France,LE PEN,Marine,1.84
2022,ZZ,Français établis hors de France,MACRON,Emmanuel,15.67
2022,ZZ,Français établis hors de France,MÉLENCHON,Jean-Luc,7.62
2022,ZZ,Français établis hors de France,POUTOU,Philippe,0.22
2022,ZZ,Français établis hors de France,PÉCRESSE,Valérie,1.46
2022,ZZ,Français établis hors de France,ROUSSEL,Fabien,0.23
2022,ZZ,Français établis hors de France,ZEMMOUR,Éric,3.01
